1941,486206173,Rubinstein's Chess Masterpieces,Akiba Rubinstein,Dover Publications,10000200
1958,520011171,Sappho: A New Translation,Mary Barnard,University of California Press,17500350
1962,811203220,Stand Still Like the Hummingbird,Henry Miller,New Directions Publishing Corporation,41400690
1965,553210092,The Scarlet Letter,NATHANIEL HAWTHORNE,Bantam,50001000
1968,156528207,The Little Prince,Antoine de Saint-Exupéry,Harcourt,75951519
1970,804001944,The Man Who Killed the Deer,Frank Waters,Ohio University Press,89651793
1974,800706544,Though I walk through the valley,Vance Havner,F. H. Revell,103352067
1975,870441663,The wild ponies of Assateague Island (Books for young explorers),Donna K Grosvenor,National Geographic Society,144452889
1976,308102282,Your Erroneous Zones,Wayne W. Dyer,Harpercollins,158153163
1977,60804157,He Understanding Masculine Psychology,Robert A Johnson,Harpercollins Publisher,171853437
1978,451523318,Turn of the Screw and Short N,Henry James,Signet Book,185553711
1981,553202294,Sun Signs,Linda Goodman,Bantam Doubleday Dell,199253985
1982,684177730,The SKULL BENEATH THE SKIN,P. D. James,Scribner,226654533
1983,030720152X,Comic Characters,Craig Boldman,Golden Books,4331107
1984,801096677,Victorious Christians You Should Know,Warren W. Wiersbe,Baker Book House,254055081
1985,449202631,Danger,Dick Francis,Fawcett Books,267755355
1986,553225987,Robert's Rules of Order,William Eisner,Bantam Books,281455629
1987,2253004022,Regain,Jean Giono,LGF,295155903
1988,60801263,Tree Grows In Brooklyn,Betty Smith,Harpercollins Publisher,308856177
1989,394559487,Citizens: A Chronicle of the French Revolution,Simon Schama,Random House Inc,322556451
1990,553278746,The Postman (Bantam Classics),David Brin,Spectra Books,336256725
1991,679810307,Shabanu: Daughter of the Wind (Border Trilogy),SUZANNE FISHER STAPLES,Laurel Leaf,349956999
1992,140029400,The Mimic Men,V. S. Naipaul,Penguin USA,363657273
1994,140620664,Mansfield Park (Penguin Popular Classics),Jane Austen,Penguin Books Ltd,754707547
1995,670855758,Tarot Says Beware (A Herculeah Jones Mystery),Betsy Byars,Viking Books,391057821
1996,515118656,The Cove,Catherine Coulter,Jove Books,2072328095
1997,055329198X,Wolf Moon,John R. Holt,Bantam,418458369
1999,380807866,The Elusive Flame,Kathleen E. Woodiwiss,Avon,445858917
2000,671047612,Skin And Bones,Franklin W. Dixon,Aladdin,473259465
2001,60188731,Bel Canto,Ann Patchett,HarperCollins Publishers,486959739
2002,439221730,Trial by Fire,Rachel Roberts,Scholastic Paperbacks,500660013
2003,193156146X,The Time Traveler's Wife,Audrey Niffenegger,MacAdam/Cage Publishing,528060561
2004,312988699,Nowhere To Run,Mary Jane Clark,St. Martin's Paperbacks,541760835
2005,446612545,The Beach House,James Patterson,Warner Books,514360287
